103_1241_000000_000000	CHAPTER II.	CHAPTER two.	false	0.81	23.25	18.930151
103_1241_000000_000001	Matthew Cuthbert is surprised	matthew Cuthbert is surprised	true	23.25	25.12	20
103_1241_000001_000000	Matthew Cuthbert and the sorrel mare jogged comfortably over the eight miles to Bright River.	matthew Cuthbert and the sorrel mare jogged comfortably over the eight miles to Bright River.	true	26.18	30.82	17
103_1241_000001_000001	It was a pretty road, running along between snug farmsteads, with now and again a bit of balsamy fir wood to drive through or a hollow where wild plums hung out their filmy bloom.	It was a pretty road, running along between snug farmsteads, with now and again a bit of balsamy fir wood to drive through or a hollow where wild plums hung out their filmy bloom.	true	31.01	41.23	17
103_1241_000001_000002	The air was sweet with the breath of many apple orchards and the meadows sloped away in the distance to horizon mists of pearl and purple; while	The air was sweet with the breath of many apple orchards and the meadows sloped away in the distance to horizon mists of pearl and purple; while	true	41.48	49.35	17
103_1241_000002_000000	"The little birds sang as if it were The one day of summer in all the year."	"The little birds sang as if it were The one day of summer in all the year."	true	49.35	53.14	12
103_1241_000003_000000	Matthew enjoyed the drive after his own fashion, except during the moments when he met women and had to nod to them--for in Prince Edward island you are supposed to nod to all and sundry you meet on the road whether you know them or not.	matthew enjoyed the drive after his own fashion, except during the moments when he met women and had to nod to them-for in Prince Edward island you are supposed to nod to all and sundry you meet on the road whether you know them or not.	true	53.6	64.81	17
103_1241_000004_000000	Matthew dreaded all women except Marilla and Mrs. Rachel; he had an uncomfortable feeling that the mysterious creatures were secretly laughing at him.	matthew dreaded all women except Marilla and mrs Rachel; he had an uncomfortable feeling that the mysterious creatures were secretly laughing at him.	true	65.3	73.84	17.532955
103_1241_000004_000001	He may have been quite right in thinking so, for he was an odd-looking personage, with an ungainly figure and long iron-gray hair that touched his stooping shoulders, and a full, soft brown beard which he had worn ever since he was twenty.	He may have been quite right in thinking so, for he was an odd looking personage, with an ungainly figure and long iron gray hair that touched his stooping shoulders, and a full, soft brown beard which he had worn ever since he was twenty.	true	73.88	86.83	15
103_1241_000004_000002	In fact, he had looked at twenty very much as he looked at sixty, lacking a little of the grayness.	In fact, he had looked at twenty very much as he looked at sixty, lacking a little of the grayness.	true	87.35	92.95	21.290556
103_1241_000005_000000	When he reached Bright River there was no sign of any train; he thought he was too early, so he tied his horse in the yard of the small Bright River hotel and went over to the station house.	When he reached Bright River there was no sign of any train; he thought he was too early, so he tied his horse in the yard of the small Bright River hotel and went over to the station house.	true	94.28	104.02	16
103_1241_000005_000001	The long platform was almost deserted; the only living creature in sight being a girl who was sitting on a pile of shingles at the extreme end.	The long platform was almost deserted; the only living creature in sight being a girl who was sitting on a pile of shingles at the extreme end.	true	104.15	111.46	16
103_1241_000005_000002	Matthew, barely noting that it WAS a girl, sidled past her as quickly as possible without looking at her.	matthew, barely noting that it WAS a girl, sidled past her as quickly as possible without looking at her.	true	111.71	117.13	17
103_1241_000005_000003	Had he looked he could hardly have failed to notice the tense rigidity and expectation of her attitude and expression.	Had he looked he could hardly have failed to notice the tense rigidity and expectation of her attitude and expression.	true	117.35	123.52	16
103_1241_000005_000004	She was sitting there waiting for something or somebody and, since sitting and waiting was the only thing to do just then, she sat and waited with all her might and main.	She was sitting there waiting for something or somebody and, since sitting and waiting was the only thing to do just then, she sat and waited with all her might and main.	true	123.74	133.21	15
103_1241_000006_000000	Matthew encountered the stationmaster locking up the ticket office preparatory to going home for supper, and asked him if the five-thirty train would soon be along.	matthew encountered the stationmaster locking up the ticket office preparatory to going home for supper, and asked him if the five thirty train would soon be along.	true	133.73	141.79	15
103_1241_000007_000000	"The five-thirty train has been in and gone half an hour ago," answered that brisk official.	"The five thirty train has been in and gone half an hour ago," answered that brisk official.	true	142.25	146.95	19
103_1241_000007_000001	"But there was a passenger dropped off for you--a little girl.	"But there was a passenger dropped off for you-a little girl.	true	147.14	150.15	22.282738
103_1241_000007_000002	She's sitting out there on the shingles.	She's sitting out there on the shingles.	true	150.15	151.93	19
103_1241_000007_000003	I asked her to go into the ladies' waiting room, but she informed me gravely that she preferred to stay outside.	I asked her to go into the ladies' waiting room, but she informed me gravely that she preferred to stay outside.	true	152.03	157.14	17.77339
103_1241_000007_000004	'There was more scope for imagination,' she said.	'There was more scope for imagination,' she said.	false	157.14	159.91	19
103_1241_000007_000005	She's a case, I should say."	She's a case, I should say."	true	160.01	161.53	15
103_1241_000008_000000	"I'm not expecting a girl," said Matthew blankly.	"I'm not expecting a girl," said matthew blankly.	true	162.32	165.13	19.682396
103_1241_000008_000001	"It's a boy I've come for.	"It's a boy I've come for.	true	165.32	166.935	22.589165
103_1241_000008_000002	He should be here.	He should be here.	true	166.935	167.98	19.092875
103_1241_000008_000003	Mrs. Alexander Spencer was to bring him over from Nova Scotia for me."	mrs Alexander Spencer was to bring him over from Nova Scotia for me."	true	168.08	171.88	16
103_1241_000009_000000	The stationmaster whistled.	The stationmaster whistled.	true	172.1	173.67	16.81953
103_1241_000010_000000	"Guess there's some mistake," he said.	"Guess there's some mistake," he said.	false	173.67	176.14	20.315767
103_1241_000010_000001	"Mrs. Spencer came off the train with that girl and gave her into my charge.	"mrs Spencer came off the train with that girl and gave her into my charge.	true	176.21	179.89	18
103_1241_000010_000002	Said you and your sister were adopting her from an orphan asylum and that you would be along for her presently.	Said you and your sister were adopting her from an orphan asylum and that you would be along for her presently.	true	179.9	185.05	15
103_1241_000010_000003	That's all I know about it--and I haven't got any more orphans concealed hereabouts."	That's all I know about it-and I haven't got any more orphans concealed hereabouts."	true	185.06	189.34	18
103_1241_000011_000000	"I don't understand," said Matthew helplessly, wishing that Marilla was at hand to cope with the situation.	"I don't understand," said matthew helplessly, wishing that Marilla was at hand to cope with the situation.	true	190.04	195.94	15
103_1241_000012_000000	"Well, you'd better question the girl," said the station-master carelessly.	"Well, you'd better question the girl," said the station master carelessly.	true	196.31	199.87	19.722122
103_1241_000012_000001	"I dare say she'll be able to explain--she's got a tongue of her own, that's certain.	"I dare say she'll be able to explain-she's got a tongue of her own, that's certain.	false	200.12	204.04	17
103_1241_000012_000002	Maybe they were out of boys of the brand you wanted."	Maybe they were out of boys of the brand you wanted."	true	204.44	206.83	21.613869
103_1241_000013_000000	He walked jauntily away, being hungry, and the unfortunate Matthew was left to do that which was harder for him than bearding a lion in its den--walk up to a girl--a strange girl--an orphan girl--and demand of her why she wasn't a boy.	He walked jauntily away, being hungry, and the unfortunate matthew was left to do that which was harder for him than bearding a lion in its den-walk up to a girl-a strange girl-an orphan girl-and demand of her why she wasn't a boy.	true	207.08	221.62	19
103_1241_000013_000001	Matthew groaned in spirit as he turned about and shuffled gently down the platform towards her.	matthew groaned in spirit as he turned about and shuffled gently down the platform towards her.	true	221.84	227.11	17
103_1241_000014_000000	She had been watching him ever since he had passed her and she had her eyes on him now.	She had been watching him ever since he had passed her and she had her eyes on him now.	true	227.6	232.06	17
103_1241_000014_000001	Matthew was not looking at her and would not have seen what she was really like if he had been, but an ordinary observer would have seen this: A child of about eleven, garbed in a very short, very tight, very ugly dress of yellowish-gray wincey.	matthew was not looking at her and would not have seen what she was really like if he had been, but an ordinary observer would have seen this: A child of about eleven, garbed in a very short, very tight, very ugly dress of yellowish gray wincey.	false	232.22	246.76	20.010817
103_1241_000014_000002	She wore a faded brown sailor hat and beneath the hat, extending down her back, were two braids of very thick, decidedly red hair.	She wore a faded brown sailor hat and beneath the hat, extending down her back, were two braids of very thick, decidedly red hair.	true	246.77	254.83	17
103_1241_000014_000003	Her face was small, white and thin, also much freckled; her mouth was large and so were her eyes, which looked green in some lights and moods and gray in others.	Her face was small, white and thin, also much freckled; her mouth was large and so were her eyes, which looked green in some lights and moods and gray in others.	true	255.26	264.97	20
103_1241_000015_000000	So far, the ordinary observer; an extraordinary observer might have seen that the chin was very pointed and pronounced; that the big eyes were full of spirit and vivacity; that the mouth was sweet-lipped and expressive; that the forehead was broad and full; in short, our discerning extraordinary observer might have concluded that no commonplace soul inhabited the body of this stray woman-child of whom shy Matthew Cuthbert was so ludicrously afraid.	So far, the ordinary observer; an extraordinary observer might have seen that the chin was very pointed and pronounced; that the big eyes were full of spirit and vivacity; that the mouth was sweet lipped and expressive; that the forehead was broad and full; in short, our discerning extraordinary observer might have concluded that no commonplace soul inhabited the body of this stray woman child of whom shy matthew Cuthbert was so ludicrously afraid.	true	265.61	291.37	18
103_1241_000016_000000	Matthew, however, was spared the ordeal of speaking first, for as soon as she concluded that he was coming to her she stood up, grasping with one thin brown hand the handle of a shabby, old-fashioned carpet-bag; the other she held out to him.	matthew, however, was spared the ordeal of speaking first, for as soon as she concluded that he was coming to her she stood up, grasping with one thin brown hand the handle of a shabby, old-fashioned carpet bag; the other she held out to him.	true	291.86	305.41	19
103_1241_000017_000000	"I suppose you are Mr. Matthew Cuthbert of Green Gables?" she said in a peculiarly clear, sweet voice.	"I suppose you are mr matthew Cuthbert of Green Gables?" she said in a peculiarly clear, sweet voice.	true	305.66	311.08	21.803852
103_1241_000017_000001	"I'm very glad to see you.	"I'm very glad to see you.	true	311.15	312.55	20.805862
103_1241_000017_000002	I was beginning to be afraid you weren't coming for me and I was imagining all the things that might have happened to prevent you.	I was beginning to be afraid you weren't coming for me and I was imagining all the things that might have happened to prevent you.	true	312.56	317.89	14
103_1241_000017_000003	I had made up my mind that if you didn't come for me to-night I'd go down the track to that big wild cherry-tree at the bend, and climb up into it to stay all night.	I had made up my mind that if you didn't come for me to night I'd go down the track to that big wild cherry tree at the bend, and climb up into it to stay all night.	false	318.17	325.9	18
103_1241_000017_000004	I wouldn't be a bit afraid, and it would be lovely to sleep in a wild cherry-tree all white with bloom in the moonshine, don't you think? You could imagine you were dwelling in marble halls, couldn't you?	I wouldn't be a bit afraid, and it would be lovely to sleep in a wild cherry tree all white with bloom in the moonshine, don't you think? You could imagine you were dwelling in marble halls, couldn't you?	true	326.03	335.53	17
103_1241_000017_000005	And I was quite sure you would come for me in the morning, if you didn't to-night."	And I was quite sure you would come for me in the morning, if you didn't to night."	true	335.81	339.13	18
103_1241_000018_000000	Matthew had taken the scrawny little hand awkwardly in his; then and there he decided what to do.	matthew had taken the scrawny little hand awkwardly in his; then and there he decided what to do.	true	339.74	345.4	17
103_1241_000018_000001	He could not tell this child with the glowing eyes that there had been a mistake; he would take her home and let Marilla do that.	He could not tell this child with the glowing eyes that there had been a mistake; he would take her home and let Marilla do that.	true	345.83	352.33	19
103_1241_000018_000002	She couldn't be left at Bright River anyhow, no matter what mistake had been made, so all questions and explanations might as well be deferred until he was safely back at Green Gables.	She couldn't be left at Bright River anyhow, no matter what mistake had been made, so all questions and explanations might as well be deferred until he was safely back at Green Gables.	true	352.49	361.27	18
103_1241_000019_000000	"I'm sorry I was late," he said shyly.	"I'm sorry I was late," he said shyly.	true	361.76	364.18	18.351492
103_1241_000019_000001	"Come along.	"Come along.	true	364.31	365.14	18.44151
103_1241_000019_000002	The horse is over in the yard.	The horse is over in the yard.	true	365.24	366.85	19.349281
103_1241_000019_000003	Give me your bag."	Give me your bag."	true	366.98	368.175	19.734472
103_1241_000020_000000	"Oh, I can carry it," the child responded cheerfully.	"Oh, I can carry it," the child responded cheerfully.	true	368.175	370.9	22.002724
103_1241_000020_000001	"It isn't heavy. I've got all my worldly goods in it, but it isn't heavy.	"It isn't heavy. I've got all my worldly goods in it, but it isn't heavy.	true	370.94	375.07	21.355793
103_1241_000020_000002	And if it isn't carried in just a certain way the handle pulls out--so I'd better keep it because I know the exact knack of it.	And if it isn't carried in just a certain way the handle pulls out-so I'd better keep it because I know the exact knack of it.	true	375.17	381.16	18
103_1241_000020_000003	It's an extremely old carpet-bag.	It's an extremely old carpet bag.	true	381.23	383.29	19.360691
103_1241_000020_000004	Oh, I'm very glad you've come, even if it would have been nice to sleep in a wild cherry-tree.	Oh, I'm very glad you've come, even if it would have been nice to sleep in a wild cherry tree.	true	383.36	387.55	18
103_1241_000020_000005	We've got to drive a long piece, haven't we?	We've got to drive a long piece, haven't we?	true	387.74	389.62	20.922506
103_1241_000020_000006	Mrs. Spencer said it was eight miles.	mrs Spencer said it was eight miles.	true	389.72	391.63	17.764122
103_1241_000020_000007	I'm glad because I love driving.	I'm glad because I love driving.	true	391.64	393.39	19.232985
103_1241_000020_000008	Oh, it seems so wonderful that I'm going to live with you and belong to you.	Oh, it seems so wonderful that I'm going to live with you and belong to you.	true	393.39	396.64	14
103_1241_000020_000009	I've never belonged to anybody--not really.	I've never belonged to anybody-not really.	true	396.68	399.04	19.223633
103_1241_000020_000010	But the asylum was the worst.	But the asylum was the worst.	true	399.05	400.6	17.980616
103_1241_000020_000011	I've only been in it four months, but that was enough.	I've only been in it four months, but that was enough.	true	400.73	403.51	19.768503
103_1241_000020_000012	I don't suppose you ever were an orphan in an asylum, so you can't possibly understand what it is like.	I don't suppose you ever were an orphan in an asylum, so you can't possibly understand what it is like.	true	403.58	408.37	15
103_1241_000020_000013	It's worse than anything you could imagine.	It's worse than anything you could imagine.	true	408.53	410.65	17.881872
103_1241_000020_000014	Mrs. Spencer said it was wicked of me to talk like that, but I didn't mean to be wicked.	mrs Spencer said it was wicked of me to talk like that, but I didn't mean to be wicked.	false	410.72	414.88	16
103_1241_000020_000015	It's so easy to be wicked without knowing it, isn't it?	It's so easy to be wicked without knowing it, isn't it?	false	414.89	417.4	16
103_1241_000020_000016	They were good, you know--the asylum people.	They were good, you know-the asylum people.	true	417.56	420.13	21.982021
103_1241_000020_000017	But there is so little scope for the imagination in an asylum--only just in the other orphans.	But there is so little scope for the imagination in an asylum-only just in the other orphans.	true	420.35	425.47	16
103_1241_000020_000018	It was pretty interesting to imagine things about them--to imagine that perhaps the girl who sat next to you was really the daughter of a belted earl, who had been stolen away from her parents in her infancy by a cruel nurse who died before she could confess.	It was pretty interesting to imagine things about them-to imagine that perhaps the girl who sat next to you was really the daughter of a belted earl, who had been stolen away from her parents in her infancy by a cruel nurse who died before she could confess.	true	426.08	437.5	15
103_1241_000020_000019	I used to lie awake at nights and imagine things like that, because I didn't have time in the day.	I used to lie awake at nights and imagine things like that, because I didn't have time in the day.	true	437.87	442.18	16
103_1241_000020_000020	I guess that's why I'm so thin--I AM dreadful thin, ain't I? There isn't a pick on my bones.	I guess that's why I'm so thin-I a m dreadful thin, ain't I? There isn't a pick on my bones.	true	442.43	447.43	19.453352
103_1241_000020_000021	I do love to imagine I'm nice and plump, with dimples in my elbows."	I do love to imagine I'm nice and plump, with dimples in my elbows."	true	447.53	451.09	14
103_1241_000021_000000	With this Matthew's companion stopped talking, partly because she was out of breath and partly because they had reached the buggy.	With this Matthew's companion stopped talking, partly because she was out of breath and partly because they had reached the buggy.	true	451.97	458.38	20
103_1241_000021_000001	Not another word did she say until they had left the village and were driving down a steep little hill, the road part of which had been cut so deeply into the soft soil, that the banks, fringed with blooming wild cherry-trees and slim white birches, were several feet above their heads.	Not another word did she say until they had left the village and were driving down a steep little hill, the road part of which had been cut so deeply into the soft soil, that the banks, fringed with blooming wild cherry trees and slim white birches, were several feet above their heads.	true	458.51	472.57	17
103_1241_000022_000000	The child put out her hand and broke off a branch of wild plum that brushed against the side of the buggy.	The child put out her hand and broke off a branch of wild plum that brushed against the side of the buggy.	true	473.12	478.21	19.274412
103_1241_000023_000000	"Isn't that beautiful?	"Isn't that beautiful?	true	478.52	479.92	15
103_1241_000023_000001	What did that tree, leaning out from the bank, all white and lacy, make you think of?" she asked.	What did that tree, leaning out from the bank, all white and lacy, make you think of?" she asked.	true	480.41	485.35	18.019753
103_1241_000024_000000	"Well now, I dunno," said Matthew.	"Well now, I dunno," said matthew.	true	485.36	488.2	17.383564
103_1241_000025_000000	"Why, a bride, of course--a bride all in white with a lovely misty veil. I've never seen one, but I can imagine what she would look like.	"Why, a bride, of course-a bride all in white with a lovely misty veil. I've never seen one, but I can imagine what she would look like.	true	488.69	497.08	17.82652
103_1241_000025_000001	I don't ever expect to be a bride myself.	I don't ever expect to be a bride myself.	true	497.21	499.53	17
103_1241_000025_000002	I'm so homely nobody will ever want to marry me--unless it might be a foreign missionary.	I'm so homely nobody will ever want to marry me-unless it might be a foreign missionary.	true	499.53	503.97	17
103_1241_000025_000003	I suppose a foreign missionary mightn't be very particular.	I suppose a foreign missionary mightn't be very particular.	true	503.97	506.83	16
103_1241_000025_000004	But I do hope that some day I shall have a white dress.	But I do hope that some day I shall have a white dress.	true	507.02	509.83	17
103_1241_000025_000005	That is my highest ideal of earthly bliss.	That is my highest ideal of earthly bliss.	true	509.9	512.32	15
103_1241_000025_000006	I just love pretty clothes.	I just love pretty clothes.	true	512.57	514.06	18
103_1241_000025_000007	And I've never had a pretty dress in my life that I can remember--but of course it's all the more to look forward to, isn't it?	And I've never had a pretty dress in my life that I can remember-but of course it's all the more to look forward to, isn't it?	true	514.13	520.21	20.26683
103_1241_000025_000008	And then I can imagine that I'm dressed gorgeously.	And then I can imagine that I'm dressed gorgeously.	true	520.28	523	21
103_1241_000025_000009	This morning when I left the asylum I felt so ashamed because I had to wear this horrid old wincey dress.	This morning when I left the asylum I felt so ashamed because I had to wear this horrid old wincey dress.	true	523.1	528.07	12
103_1241_000025_000010	All the orphans had to wear them, you know.	All the orphans had to wear them, you know.	true	528.38	530.17	19.460371
103_1241_000025_000011	A merchant in Hopeton last winter donated three hundred yards of wincey to the asylum.	A merchant in Hopeton last winter donated three hundred yards of wincey to the asylum.	true	530.18	534.37	15
103_1241_000025_000012	Some people said it was because he couldn't sell it, but I'd rather believe that it was out of the kindness of his heart, wouldn't you?	Some people said it was because he couldn't sell it, but I'd rather believe that it was out of the kindness of his heart, wouldn't you?	true	534.56	539.8	14
103_1241_000025_000013	When we got on the train I felt as if everybody must be looking at me and pitying me.	When we got on the train I felt as if everybody must be looking at me and pitying me.	true	540.11	544.39	20
103_1241_000025_000014	But I just went to work and imagined that I had on the most beautiful pale blue silk dress--because when you ARE imagining you might as well imagine something worth while--and a big hat all flowers and nodding plumes, and a gold watch, and kid gloves and boots.	But I just went to work and imagined that I had on the most beautiful pale blue silk dress-because when you ARE imagining you might as well imagine something worth while-and a big hat all flowers and nodding plumes, and a gold watch, and kid gloves and boots.	true	544.55	559.21	19
103_1241_000025_000015	I felt cheered up right away and I enjoyed my trip to the Island with all my might.	I felt cheered up right away and I enjoyed my trip to the Island with all my might.	true	559.25	563.47	19.895937
103_1241_000025_000016	I wasn't a bit sick coming over in the boat.	I wasn't a bit sick coming over in the boat.	true	564.11	566.35	20.894287
103_1241_000025_000017	Neither was Mrs. Spencer although she generally is.	Neither was mrs Spencer although she generally is.	true	566.36	568.93	17
103_1241_000025_000018	She said she hadn't time to get sick, watching to see that I didn't fall overboard.	She said she hadn't time to get sick, watching to see that I didn't fall overboard.	true	569.18	572.8	19
103_1241_000025_000019	She said she never saw the beat of me for prowling about.	She said she never saw the beat of me for prowling about.	true	572.81	575.5	20.300198
103_1241_000025_000020	But if it kept her from being seasick it's a mercy I did prowl, isn't it?	But if it kept her from being seasick it's a mercy I did prowl, isn't it?	true	575.69	579.1	17
103_1241_000025_000021	And I wanted to see everything that was to be seen on that boat, because I didn't know whether I'd ever have another opportunity.	And I wanted to see everything that was to be seen on that boat, because I didn't know whether I'd ever have another opportunity.	true	579.23	584.37	15
103_1241_000025_000022	Oh, there are a lot more cherry-trees all in bloom!	Oh, there are a lot more cherry trees all in bloom!	false	584.37	588.76	19.344976
103_1241_000025_000023	This Island is the bloomiest place.	This Island is the bloomiest place.	true	588.98	591.09	15
103_1241_000025_000024	I just love it already, and I'm so glad I'm going to live here.	I just love it already, and I'm so glad I'm going to live here.	true	591.09	594.04	16
103_1241_000025_000025	I've always heard that Prince Edward Island was the prettiest place in the world, and I used to imagine I was living here, but I never really expected I would.	I've always heard that Prince Edward Island was the prettiest place in the world, and I used to imagine I was living here, but I never really expected I would.	true	594.14	601.6	17
103_1241_000025_000026	It's delightful when your imaginations come true, isn't it? But those red roads are so funny.	It's delightful when your imaginations come true, isn't it? But those red roads are so funny.	true	601.79	606.67	19
103_1241_000025_000027	When we got into the train at Charlottetown and the red roads began to flash past I asked Mrs. Spencer what made them red and she said she didn't know and for pity's sake not to ask her any more questions.	When we got into the train at Charlottetown and the red roads began to flash past I asked mrs Spencer what made them red and she said she didn't know and for pity's sake not to ask her any more questions.	true	606.74	615.735	16
103_1241_000025_000028	She said I must have asked her a thousand already.	She said I must have asked her a thousand already.	true	615.735	617.985	21.34722
103_1241_000025_000029	I suppose I had, too, but how you going to find out about things if you don't ask questions?	I suppose I had, too, but how you going to find out about things if you don't ask questions?	false	617.985	622.48	15
103_1241_000025_000030	And what DOES make the roads red?"	And what DOES make the roads red?"	true	622.67	624.52	22.194014
103_1241_000026_000000	"Well now, I dunno," said Matthew.	"Well now, I dunno," said matthew.	true	625.22	628.27	20.441305
103_1241_000027_000000	"Well, that is one of the things to find out sometime.	"Well, that is one of the things to find out sometime.	true	628.85	631.14	24.115463
103_1241_000027_000001	Isn't it splendid to think of all the things there are to find out about?	Isn't it splendid to think of all the things there are to find out about?	false	631.14	634.63	19.852865
103_1241_000027_000002	It just makes me feel glad to be alive--it's such an interesting world.	It just makes me feel glad to be alive-it's such an interesting world.	true	634.67	638.62	20
103_1241_000027_000003	It wouldn't be half so interesting if we know all about everything, would it?	It wouldn't be half so interesting if we know all about everything, would it?	false	638.69	641.68	15
103_1241_000027_000004	There'd be no scope for imagination then, would there?	There'd be no scope for imagination then, would there?	false	641.75	644.35	18.614124
103_1241_000027_000005	But am I talking too much?	But am I talking too much?	true	644.6	645.915	22.064632
103_1241_000027_000006	People are always telling me I do.	People are always telling me I do.	true	645.915	647.62	19.040491
103_1241_000027_000007	Would you rather I didn't talk?	Would you rather I didn't talk?	true	647.66	649.26	20.715174
103_1241_000027_000008	If you say so I'll stop.	If you say so I'll stop.	true	649.26	650.88	19.336472
103_1241_000027_000009	I can STOP when I make up my mind to it, although it's difficult."	I can STOP when I make up my mind to it, although it's difficult."	true	650.88	654.13	20
103_1241_000028_000000	Matthew, much to his own surprise, was enjoying himself.	matthew, much to his own surprise, was enjoying himself.	true	654.53	658.33	19.789171
103_1241_000028_000001	Like most quiet folks he liked talkative people when they were willing to do the talking themselves and did not expect him to keep up his end of it.	Like most quiet folks he liked talkative people when they were willing to do the talking themselves and did not expect him to keep up his end of it.	true	658.49	665.35	17
103_1241_000028_000002	But he had never expected to enjoy the society of a little girl.	But he had never expected to enjoy the society of a little girl.	true	665.57	668.74	16
103_1241_000028_000003	Women were bad enough in all conscience, but little girls were worse.	Women were bad enough in all conscience, but little girls were worse.	true	668.93	672.73	20.600815
103_1241_000028_000004	He detested the way they had of sidling past him timidly, with sidewise glances, as if they expected him to gobble them up at a mouthful if they ventured to say a word.	He detested the way they had of sidling past him timidly, with sidewise glances, as if they expected him to gobble them up at a mouthful if they ventured to say a word.	true	672.74	681.37	15
103_1241_000028_000005	That was the Avonlea type of well-bred little girl.	That was the Avonlea type of well bred little girl.	true	681.89	684.7	19
103_1241_000028_000006	But this freckled witch was very different, and although he found it rather difficult for his slower intelligence to keep up with her brisk mental processes he thought that he "kind of liked her chatter." So he said as shyly as usual:	But this freckled witch was very different, and although he found it rather difficult for his slower intelligence to keep up with her brisk mental processes he thought that he "kind of liked her chatter." So he said as shyly as usual:	true	684.77	698.32	19.750011
103_1241_000029_000000	"Oh, you can talk as much as you like.	"Oh, you can talk as much as you like.	true	698.45	701.02	16
103_1241_000029_000001	I don't mind."	I don't mind."	true	701.03	702.01	20.233482
103_1241_000030_000000	"Oh, I'm so glad.	"Oh, I'm so glad.	true	702.62	703.9	23.56052
103_1241_000030_000001	I know you and I are going to get along together fine.	I know you and I are going to get along together fine.	true	704.21	707.02	19.956512
103_1241_000030_000002	It's such a relief to talk when one wants to and not be told that children should be seen and not heard.	It's such a relief to talk when one wants to and not be told that children should be seen and not heard.	true	707.12	711.88	15
103_1241_000030_000003	I've had that said to me a million times if I have once.	I've had that said to me a million times if I have once.	true	712.16	715.36	16
103_1241_000030_000004	And people laugh at me because I use big words.	And people laugh at me because I use big words.	true	715.52	717.97	18.943905
103_1241_000030_000005	But if you have big ideas you have to use big words to express them, haven't you?"	But if you have big ideas you have to use big words to express them, haven't you?"	true	718.16	722.17	17
103_1241_000031_000000	"Well now, that seems reasonable," said Matthew.	"Well now, that seems reasonable," said matthew.	true	722.72	726.49	17.325722
103_1241_000032_000000	"Mrs. Spencer said that my tongue must be hung in the middle.	"mrs Spencer said that my tongue must be hung in the middle.	true	726.77	729.46	15
103_1241_000032_000001	But it isn't--it's firmly fastened at one end.	But it isn't-it's firmly fastened at one end.	true	729.65	732.25	20.724361
103_1241_000032_000002	Mrs. Spencer said your place was named Green Gables.	mrs Spencer said your place was named Green Gables.	true	732.35	734.925	17
103_1241_000032_000003	I asked her all about it.	I asked her all about it.	true	734.925	736.3	22.38376
103_1241_000032_000004	And she said there were trees all around it.	And she said there were trees all around it.	true	736.31	738.465	18
103_1241_000032_000005	I was gladder than ever.	I was gladder than ever.	true	738.465	739.62	16
103_1241_000032_000006	I just love trees.	I just love trees.	true	739.62	740.95	19.714302
103_1241_000032_000007	And there weren't any at all about the asylum, only a few poor weeny-teeny things out in front with little whitewashed cagey things about them. They just looked like orphans themselves, those trees did.	And there weren't any at all about the asylum, only a few poor weeny teeny things out in front with little whitewashed cagey things about them. They just looked like orphans themselves, those trees did.	true	741.08	751.14	16
103_1241_000032_000008	It used to make me want to cry to look at them.	It used to make me want to cry to look at them.	true	751.14	753.28	17
103_1241_000032_000009	I used to say to them, 'Oh, you POOR little things!	I used to say to them, 'Oh, you POOR little things!	true	753.32	756.42	19.109653
103_1241_000032_000010	If you were out in a great big woods with other trees all around you and little mosses and Junebells growing over your roots and a brook not far away and birds singing in you branches, you could grow, couldn't you?	If you were out in a great big woods with other trees all around you and little mosses and Junebells growing over your roots and a brook not far away and birds singing in you branches, you could grow, couldn't you?	false	756.42	766.27	17
103_1241_000032_000011	But you can't where you are.	But you can't where you are.	true	766.49	768.045	21
103_1241_000032_000012	I know just exactly how you feel, little trees.' I felt sorry to leave them behind this morning.	I know just exactly how you feel, little trees.' I felt sorry to leave them behind this morning.	true	768.045	773.11	17
103_1241_000032_000013	You do get so attached to things like that, don't you?	You do get so attached to things like that, don't you?	true	773.3	775.71	18
103_1241_000032_000014	Is there a brook anywhere near Green Gables?	Is there a brook anywhere near Green Gables?	false	775.71	778.035	19
103_1241_000032_000015	I forgot to ask Mrs. Spencer that."	I forgot to ask mrs Spencer that."	true	778.035	779.74	17
103_1241_000033_000000	"Well now, yes, there's one right below the house."	"Well now, yes, there's one right below the house."	true	780.29	784.33	16
103_1241_000034_000000	"Fancy.	"Fancy.	true	784.46	785.41	20.737913
103_1241_000034_000001	It's always been one of my dreams to live near a brook.	It's always been one of my dreams to live near a brook.	true	785.63	788.31	18
103_1241_000034_000002	I never expected I would, though.	I never expected I would, though.	true	788.31	790.03	20
103_1241_000034_000003	Dreams don't often come true, do they? Wouldn't it be nice if they did?	Dreams don't often come true, do they? Wouldn't it be nice if they did?	true	790.16	793.96	19.228632
103_1241_000034_000004	But just now I feel pretty nearly perfectly happy.	But just now I feel pretty nearly perfectly happy.	true	794.09	797.16	19.88647
103_1241_000034_000005	I can't feel exactly perfectly happy because--well, what color would you call this?"	I can't feel exactly perfectly happy because-well, what color would you call this?"	true	797.16	803.17	20.872229
103_1241_000035_000000	She twitched one of her long glossy braids over her thin shoulder and held it up before Matthew's eyes.	She twitched one of her long glossy braids over her thin shoulder and held it up before Matthew's eyes.	true	803.66	809.2	16
103_1241_000035_000001	Matthew was not used to deciding on the tints of ladies' tresses, but in this case there couldn't be much doubt.	matthew was not used to deciding on the tints of ladies' tresses, but in this case there couldn't be much doubt.	true	809.45	815.14	18
103_1241_000036_000000	"It's red, ain't it?" he said.	"It's red, ain't it?" he said.	true	815.39	817.72	16.752903
103_1241_000037_000000	The girl let the braid drop back with a sigh that seemed to come from her very toes and to exhale forth all the sorrows of the ages.	The girl let the braid drop back with a sigh that seemed to come from her very toes and to exhale forth all the sorrows of the ages.	true	817.97	825.64	16
103_1241_000038_000000	"Yes, it's red," she said resignedly.	"Yes, it's red," she said resignedly.	true	826.31	829.21	19.809748
103_1241_000038_000001	"Now you see why I can't be perfectly happy.	"Now you see why I can't be perfectly happy.	true	829.46	832.12	21
103_1241_000038_000002	Nobody could who has red hair.	Nobody could who has red hair.	true	832.22	834.19	19.762623
103_1241_000038_000003	I don't mind the other things so much--the freckles and the green eyes and my skinniness.	I don't mind the other things so much-the freckles and the green eyes and my skinniness.	true	834.32	838.87	17
103_1241_000038_000004	I can imagine them away.	I can imagine them away.	true	838.88	840.37	16
103_1241_000038_000005	I can imagine that I have a beautiful rose-leaf complexion and lovely starry violet eyes.	I can imagine that I have a beautiful rose leaf complexion and lovely starry violet eyes.	false	840.47	846.04	17
103_1241_000038_000006	But I CANNOT imagine that red hair away.	But I CANNOT imagine that red hair away.	true	846.32	848.77	14
103_1241_000038_000007	I do my best.	I do my best.	true	848.87	850.08	18
103_1241_000038_000008	I think to myself, 'Now my hair is a glorious black, black as the raven's wing.' But all the time I KNOW it is just plain red and it breaks my heart.	I think to myself, 'Now my hair is a glorious black, black as the raven's wing.' But all the time I KNOW it is just plain red and it breaks my heart.	true	850.08	860.11	19
103_1241_000038_000009	It will be my lifelong sorrow.	It will be my lifelong sorrow.	true	860.48	862.66	17
103_1241_000038_000010	I read of a girl once in a novel who had a lifelong sorrow but it wasn't red hair.	I read of a girl once in a novel who had a lifelong sorrow but it wasn't red hair.	true	862.91	866.89	14
103_1241_000038_000011	Her hair was pure gold rippling back from her alabaster brow.	Her hair was pure gold rippling back from her alabaster brow.	true	866.9	870.52	19
103_1241_000038_000012	What is an alabaster brow?	What is an alabaster brow?	true	870.77	872.25	19
103_1241_000038_000013	I never could find out.	I never could find out.	true	872.25	873.3	21
103_1241_000038_000014	Can you tell me?"	Can you tell me?"	true	873.3	874.18	21.492573
103_1241_000039_000000	"Well now, I'm afraid I can't," said Matthew, who was getting a little dizzy.	"Well now, I'm afraid I can't," said matthew, who was getting a little dizzy.	true	874.55	878.83	20
103_1241_000039_000001	He felt as he had once felt in his rash youth when another boy had enticed him on the merry-go-round at a picnic.	He felt as he had once felt in his rash youth when another boy had enticed him on the merry go round at a picnic.	true	878.96	884.71	16
103_1241_000040_000000	"Well, whatever it was it must have been something nice because she was divinely beautiful.	"Well, whatever it was it must have been something nice because she was divinely beautiful.	true	885.08	888.79	23.371838
103_1241_000040_000001	Have you ever imagined what it must feel like to be divinely beautiful?"	Have you ever imagined what it must feel like to be divinely beautiful?"	true	889.19	892.24	20
103_1241_000041_000000	"Well now, no, I haven't," confessed Matthew ingenuously.	"Well now, no, I haven't," confessed matthew ingenuously.	true	892.64	897.28	19.415474
103_1241_000042_000000	"I have, often.	"I have, often.	true	897.44	899.11	17.90075
103_1241_000042_000001	Which would you rather be if you had the choice--divinely beautiful or dazzlingly clever or angelically good?"	Which would you rather be if you had the choice-divinely beautiful or dazzlingly clever or angelically good?"	true	899.39	905.14	22.281878
103_1241_000043_000000	"Well now, I--I don't know exactly."	"Well now, I-I don't know exactly."	false	905.81	909.61	21.061777
103_1241_000044_000000	"Neither do I. I can never decide.	"Neither do i I can never decide.	true	909.8	912.4	18.35963
103_1241_000044_000001	But it doesn't make much real difference for it isn't likely I'll ever be either.	But it doesn't make much real difference for it isn't likely I'll ever be either.	true	912.65	916.09	17
103_1241_000044_000002	It's certain I'll never be angelically good.	It's certain I'll never be angelically good.	true	916.13	918.25	20
103_1241_000044_000003	Mrs. Spencer says--oh, Mr. Cuthbert!	mrs Spencer says-oh, mr Cuthbert!	true	918.26	921.225	23.176836
103_1241_000044_000004	Oh, Mr. Cuthbert!!	Oh, mr Cuthbert!!	true	921.225	922.635	23.612097
103_1241_000044_000005	Oh, Mr. Cuthbert!!!"	Oh, mr Cuthbert!!!"	true	922.635	924.55	23.558586
103_1241_000045_000000	That was not what Mrs. Spencer had said; neither had the child tumbled out of the buggy nor had Matthew done anything astonishing.	That was not what mrs Spencer had said; neither had the child tumbled out of the buggy nor had matthew done anything astonishing.	true	925.04	932.08	19
103_1241_000045_000001	They had simply rounded a curve in the road and found themselves in the "Avenue."	They had simply rounded a curve in the road and found themselves in the "Avenue."	true	932.15	936.67	20
103_1241_000046_000000	The "Avenue," so called by the Newbridge people, was a stretch of road four or five hundred yards long, completely arched over with huge, wide-spreading apple-trees, planted years ago by an eccentric old farmer.	The "Avenue," so called by the Newbridge people, was a stretch of road four or five hundred yards long, completely arched over with huge, wide spreading apple trees, planted years ago by an eccentric old farmer.	true	937.01	949.36	19
103_1241_000046_000001	Overhead was one long canopy of snowy fragrant bloom.	Overhead was one long canopy of snowy fragrant bloom.	true	949.76	953.41	14
103_1241_000046_000002	Below the boughs the air was full of a purple twilight and far ahead a glimpse of painted sunset sky shone like a great rose window at the end of a cathedral aisle.	Below the boughs the air was full of a purple twilight and far ahead a glimpse of painted sunset sky shone like a great rose window at the end of a cathedral aisle.	true	953.51	963.79	16
103_1241_000047_000000	Its beauty seemed to strike the child dumb.	Its beauty seemed to strike the child dumb.	true	964.55	967.21	16
103_1241_000047_000001	She leaned back in the buggy, her thin hands clasped before her, her face lifted rapturously to the white splendor above.	She leaned back in the buggy, her thin hands clasped before her, her face lifted rapturously to the white splendor above.	true	967.31	974.2	14
103_1241_000047_000002	Even when they had passed out and were driving down the long slope to Newbridge she never moved or spoke.	Even when they had passed out and were driving down the long slope to Newbridge she never moved or spoke.	true	974.45	980.04	18
103_1241_000047_000003	Still with rapt face she gazed afar into the sunset west, with eyes that saw visions trooping splendidly across that glowing background.	Still with rapt face she gazed afar into the sunset west, with eyes that saw visions trooping splendidly across that glowing background.	true	980.04	988.15	17
103_1241_000047_000004	Through Newbridge, a bustling little village where dogs barked at them and small boys hooted and curious faces peered from the windows, they drove, still in silence.	Through Newbridge, a bustling little village where dogs barked at them and small boys hooted and curious faces peered from the windows, they drove, still in silence.	true	988.55	997.15	16
103_1241_000047_000005	When three more miles had dropped away behind them the child had not spoken.	When three more miles had dropped away behind them the child had not spoken.	true	997.61	1001.8	19.880795
103_1241_000047_000006	She could keep silence, it was evident, as energetically as she could talk.	She could keep silence, it was evident, as energetically as she could talk.	true	1001.93	1006.27	16.919827
103_1241_000048_000000	"I guess you're feeling pretty tired and hungry," Matthew ventured to say at last, accounting for her long visitation of dumbness with the only reason he could think of.	"I guess you're feeling pretty tired and hungry," matthew ventured to say at last, accounting for her long visitation of dumbness with the only reason he could think of.	true	1006.4	1015.57	14
103_1241_000048_000001	"But we haven't very far to go now--only another mile."	"But we haven't very far to go now-only another mile."	true	1015.82	1019.05	16
103_1241_000049_000000	She came out of her reverie with a deep sigh and looked at him with the dreamy gaze of a soul that had been wondering afar, star-led.	She came out of her reverie with a deep sigh and looked at him with the dreamy gaze of a soul that had been wondering afar, star led.	true	1019.81	1026.88	13
103_1241_000050_000000	"Oh, Mr. Cuthbert," she whispered, "that place we came through--that white place--what was it?"	"Oh, mr Cuthbert," she whispered, "that place we came through-that white place-what was it?"	true	1027.49	1033.93	17.696184
103_1241_000051_000000	"Well now, you must mean the Avenue," said Matthew after a few moments' profound reflection.	"Well now, you must mean the Avenue," said matthew after a few moments' profound reflection.	true	1034.27	1039.84	15
103_1241_000051_000001	"It is a kind of pretty place."	"It is a kind of pretty place."	true	1040.21	1042.09	14
103_1241_000052_000000	"Pretty?	"Pretty?	true	1042.37	1043.29	17.165907
103_1241_000052_000001	Oh, PRETTY doesn't seem the right word to use.	Oh, PRETTY doesn't seem the right word to use.	true	1043.54	1046.32	19
103_1241_000052_000002	Nor beautiful, either.	Nor beautiful, either.	true	1046.36	1047.85	17.249453
103_1241_000052_000003	They don't go far enough.	They don't go far enough.	true	1048.1	1049.97	16.810091
103_1241_000052_000004	Oh, it was wonderful--wonderful. It's the first thing I ever saw that couldn't be improved upon by imagination.	Oh, it was wonderful-wonderful. It's the first thing I ever saw that couldn't be improved upon by imagination.	true	1049.97	1056.79	16
103_1241_000052_000005	It just satisfies me here"--she put one hand on her breast--"it made a queer funny ache and yet it was a pleasant ache.	It just satisfies me here"--she put one hand on her breast-"it made a queer funny ache and yet it was a pleasant ache.	false	1056.89	1064.89	18.53057
103_1241_000052_000006	Did you ever have an ache like that, Mr. Cuthbert?"	Did you ever have an ache like that, mr Cuthbert?"	true	1064.99	1067.53	21.283875
103_1241_000053_000000	"Well now, I just can't recollect that I ever had."	"Well now, I just can't recollect that I ever had."	true	1067.9	1071.85	21.32116
103_1241_000054_000000	"I have it lots of time--whenever I see anything royally beautiful.	"I have it lots of time-whenever I see anything royally beautiful.	false	1072.22	1076.37	19
103_1241_000054_000001	But they shouldn't call that lovely place the Avenue.	But they shouldn't call that lovely place the Avenue.	false	1076.37	1079.74	17.588568
103_1241_000054_000002	There is no meaning in a name like that.	There is no meaning in a name like that.	true	1079.81	1081.96	13.3825655
103_1241_000054_000003	They should call it--let me see--the White Way of Delight.	They should call it-let me see-the White Way of Delight.	true	1082.03	1087.18	19.377184
103_1241_000054_000004	Isn't that a nice imaginative name?	Isn't that a nice imaginative name?	true	1087.28	1089.67	17
103_1241_000054_000005	When I don't like the name of a place or a person I always imagine a new one and always think of them so.	When I don't like the name of a place or a person I always imagine a new one and always think of them so.	true	1089.89	1095.16	18
103_1241_000054_000006	There was a girl at the asylum whose name was Hepzibah Jenkins, but I always imagined her as Rosalia DeVere.	There was a girl at the asylum whose name was Hepzibah Jenkins, but I always imagined her as Rosalia DeVere.	false	1095.47	1101.13	18
103_1241_000054_000007	Other people may call that place the Avenue, but I shall always call it the White Way of Delight. Have we really only another mile to go before we get home?	Other people may call that place the Avenue, but I shall always call it the White Way of Delight. Have we really only another mile to go before we get home?	true	1101.14	1109.74	20.045303
103_1241_000054_000008	I'm glad and I'm sorry.	I'm glad and I'm sorry.	true	1109.75	1111.39	17.641953
103_1241_000054_000009	I'm sorry because this drive has been so pleasant and I'm always sorry when pleasant things end.	I'm sorry because this drive has been so pleasant and I'm always sorry when pleasant things end.	false	1111.67	1117.41	18.092869
103_1241_000054_000010	Something still pleasanter may come after, but you can never be sure.	Something still pleasanter may come after, but you can never be sure.	true	1117.41	1121.44	20.654446
103_1241_000054_000011	And it's so often the case that it isn't pleasanter.	And it's so often the case that it isn't pleasanter.	true	1121.51	1123.93	19
103_1241_000054_000012	That has been my experience anyhow.	That has been my experience anyhow.	true	1124.03	1125.94	17
103_1241_000054_000013	But I'm glad to think of getting home.	But I'm glad to think of getting home.	true	1126.28	1128.01	21.62769
103_1241_000054_000014	You see, I've never had a real home since I can remember.	You see, I've never had a real home since I can remember.	true	1128.02	1131.03	17.356096
103_1241_000054_000015	It gives me that pleasant ache again just to think of coming to a really truly home.	It gives me that pleasant ache again just to think of coming to a really truly home.	false	1131.03	1135.33	14
103_1241_000054_000016	Oh, isn't that pretty!"	Oh, isn't that pretty!"	true	1135.82	1137.43	16
103_1241_000055_000000	They had driven over the crest of a hill.	They had driven over the crest of a hill.	true	1137.92	1139.83	18.689894
103_1241_000055_000001	Below them was a pond, looking almost like a river so long and winding was it.	Below them was a pond, looking almost like a river so long and winding was it.	true	1139.96	1144.39	16
103_1241_000055_000002	A bridge spanned it midway and from there to its lower end, where an amber-hued belt of sand-hills shut it in from the dark blue gulf beyond, the water was a glory of many shifting hues--the most spiritual shadings of crocus and rose and ethereal green, with other elusive tintings for which no name has ever been found.	A bridge spanned it midway and from there to its lower end, where an amber hued belt of sand hills shut it in from the dark blue gulf beyond, the water was a glory of many shifting hues-the most spiritual shadings of crocus and rose and ethereal green, with other elusive tintings for which no name has ever been found.	true	1144.58	1163.2	14
103_1241_000055_000003	Above the bridge the pond ran up into fringing groves of fir and maple and lay all darkly translucent in their wavering shadows.	Above the bridge the pond ran up into fringing groves of fir and maple and lay all darkly translucent in their wavering shadows.	true	1163.9	1171.75	16
103_1241_000055_000004	Here and there a wild plum leaned out from the bank like a white-clad girl tip-toeing to her own reflection.	Here and there a wild plum leaned out from the bank like a white clad girl tip toeing to her own reflection.	true	1171.91	1178.44	18
103_1241_000055_000005	From the marsh at the head of the pond came the clear, mournfully-sweet chorus of the frogs. There was a little gray house peering around a white apple orchard on a slope beyond and, although it was not yet quite dark, a light was shining from one of its windows.	From the marsh at the head of the pond came the clear, mournfully sweet chorus of the frogs. There was a little gray house peering around a white apple orchard on a slope beyond and, although it was not yet quite dark, a light was shining from one of its windows.	true	1178.75	1193.74	18
103_1241_000056_000000	"That's Barry's pond," said Matthew.	"That's Barry's pond," said matthew.	true	1194.02	1196.41	20.02502
103_1241_000057_000000	"Oh, I don't like that name, either.	"Oh, I don't like that name, either.	true	1196.54	1198.21	19.636885
103_1241_000057_000001	I shall call it--let me see--the Lake of Shining Waters.	I shall call it-let me see-the Lake of Shining Waters.	true	1198.22	1203.1	19
103_1241_000057_000002	Yes, that is the right name for it.	Yes, that is the right name for it.	true	1203.2	1205.35	18.605621
103_1241_000057_000003	I know because of the thrill.	I know because of the thrill.	true	1205.36	1206.91	19.015032
103_1241_000057_000004	When I hit on a name that suits exactly it gives me a thrill.	When I hit on a name that suits exactly it gives me a thrill.	true	1206.92	1209.93	15
103_1241_000057_000005	Do things ever give you a thrill?"	Do things ever give you a thrill?"	false	1209.93	1211.89	17.339493
103_1241_000058_000000	Matthew ruminated.	matthew ruminated.	true	1212.02	1213.33	16.677063
103_1241_000059_000000	"Well now, yes.	"Well now, yes.	true	1213.37	1216.3	16.685455
103_1241_000059_000001	It always kind of gives me a thrill to see them ugly white grubs that spade up in the cucumber beds.	It always kind of gives me a thrill to see them ugly white grubs that spade up in the cucumber beds.	true	1216.46	1222.79	15
103_1241_000059_000002	I hate the look of them."	I hate the look of them."	true	1222.79	1224.43	10
103_1241_000060_000000	"Oh, I don't think that can be exactly the same kind of a thrill.	"Oh, I don't think that can be exactly the same kind of a thrill.	true	1225.16	1228.93	18.485533
103_1241_000060_000001	Do you think it can?	Do you think it can?	true	1228.97	1230.1	22.517086
103_1241_000060_000002	There doesn't seem to be much connection between grubs and lakes of shining waters, does there?	There doesn't seem to be much connection between grubs and lakes of shining waters, does there?	true	1230.47	1234.93	13
103_1241_000060_000003	But why do other people call it Barry's pond?"	But why do other people call it Barry's pond?"	true	1235.45	1237.75	20.07788
103_1241_000061_000000	"I reckon because Mr. Barry lives up there in that house.	"I reckon because mr Barry lives up there in that house.	true	1238.03	1241.68	15.190677
103_1241_000061_000001	Orchard Slope's the name of his place.	Orchard Slope's the name of his place.	true	1241.68	1243.69	20
103_1241_000061_000002	If it wasn't for that big bush behind it you could see Green Gables from here.	If it wasn't for that big bush behind it you could see Green Gables from here.	true	1243.82	1247.83	15
103_1241_000061_000003	But we have to go over the bridge and round by the road, so it's near half a mile further."	But we have to go over the bridge and round by the road, so it's near half a mile further."	true	1247.99	1252.78	17
103_1241_000062_000000	"Has Mr. Barry any little girls?	"Has mr Barry any little girls?	true	1253.12	1255.06	17
103_1241_000062_000001	Well, not so very little either--about my size."	Well, not so very little either-about my size."	true	1255.1	1258.24	19.547527
103_1241_000063_000000	"He's got one about eleven.	"He's got one about eleven.	true	1258.4	1260.22	18
103_1241_000063_000001	Her name is Diana."	Her name is Diana."	true	1260.22	1261.36	13
103_1241_000064_000000	"Oh!" with a long indrawing of breath.	"Oh!" with a long indrawing of breath.	true	1262.42	1265.68	17.580265
103_1241_000064_000001	"What a perfectly lovely name!"	"What a perfectly lovely name!"	true	1265.87	1268.29	14
103_1241_000065_000000	"Well now, I dunno.	"Well now, I dunno.	false	1268.36	1270.23	11
103_1241_000065_000001	There's something dreadful heathenish about it, seems to me.	There's something dreadful heathenish about it, seems to me.	false	1270.23	1273.63	17
103_1241_000065_000002	I'd ruther Jane or Mary or some sensible name like that. But when Diana was born there was a schoolmaster boarding there and they gave him the naming of her and he called her Diana."	I'd ruther Jane or Mary or some sensible name like that. But when Diana was born there was a schoolmaster boarding there and they gave him the naming of her and he called her Diana."	true	1273.82	1285.24	18.389172
103_1241_000066_000000	"I wish there had been a schoolmaster like that around when I was born, then.	"I wish there had been a schoolmaster like that around when I was born, then.	true	1285.61	1289.02	16
103_1241_000066_000001	Oh, here we are at the bridge.	Oh, here we are at the bridge.	true	1289.54	1291.24	17
103_1241_000066_000002	I'm going to shut my eyes tight. I'm always afraid going over bridges.	I'm going to shut my eyes tight. I'm always afraid going over bridges.	true	1291.34	1294.81	19
103_1241_000066_000003	I can't help imagining that perhaps just as we get to the middle, they'll crumple up like a jack-knife and nip us.	I can't help imagining that perhaps just as we get to the middle, they'll crumple up like a jack knife and nip us.	true	1294.97	1300.81	17
103_1241_000066_000004	So I shut my eyes.	So I shut my eyes.	true	1300.85	1302.01	22
103_1241_000066_000005	But I always have to open them for all when I think we're getting near the middle.	But I always have to open them for all when I think we're getting near the middle.	true	1302.47	1305.4	19
103_1241_000066_000006	Because, you see, if the bridge DID crumple up I'd want to SEE it crumple.	Because, you see, if the bridge DID crumple up I'd want to SEE it crumple.	true	1305.53	1309.83	21.369099
103_1241_000066_000007	What a jolly rumble it makes!	What a jolly rumble it makes!	false	1309.83	1311.97	18.22323
103_1241_000066_000008	I always like the rumble part of it.	I always like the rumble part of it.	true	1312.19	1314.01	20.004461
103_1241_000066_000009	Isn't it splendid there are so many things to like in this world?	Isn't it splendid there are so many things to like in this world?	true	1314.08	1317.16	15
103_1241_000066_000010	There we're over.	There we're over.	true	1317.5	1319.17	17.724558
103_1241_000066_000011	Now I'll look back.	Now I'll look back.	true	1319.36	1320.64	22.808994
103_1241_000066_000012	Good night, dear Lake of Shining Waters.	Good night, dear Lake of Shining Waters.	true	1320.86	1323.16	16
103_1241_000066_000013	I always say good night to the things I love, just as I would to people.	I always say good night to the things I love, just as I would to people.	true	1323.53	1326.64	18
103_1241_000066_000014	I think they like it.	I think they like it.	true	1326.64	1327.84	12
103_1241_000066_000015	That water looks as if it was smiling at me."	That water looks as if it was smiling at me."	true	1328.03	1330.36	17
103_1241_000067_000000	When they had driven up the further hill and around a corner Matthew said:	When they had driven up the further hill and around a corner matthew said:	true	1331.18	1334.59	15
103_1241_000068_000000	"We're pretty near home now.	"We're pretty near home now.	true	1334.66	1336.08	7
103_1241_000068_000001	That's Green Gables over--"	That's Green Gables over-"	true	1336.08	1337.55	14
103_1241_000069_000000	"Oh, don't tell me," she interrupted breathlessly, catching at his partially raised arm and shutting her eyes that she might not see his gesture.	"Oh, don't tell me," she interrupted breathlessly, catching at his partially raised arm and shutting her eyes that she might not see his gesture.	true	1337.55	1344.37	15
103_1241_000069_000001	"Let me guess.	"Let me guess.	true	1344.41	1345.33	14
103_1241_000069_000002	I'm sure I'll guess right."	I'm sure I'll guess right."	true	1345.37	1346.74	22.008917
103_1241_000070_000000	She opened her eyes and looked about her.	She opened her eyes and looked about her.	true	1347.26	1349.2	17.443283
103_1241_000070_000001	They were on the crest of a hill.	They were on the crest of a hill.	true	1349.42	1351.06	19.011347
103_1241_000070_000002	The sun had set some time since, but the landscape was still clear in the mellow afterlight.	The sun had set some time since, but the landscape was still clear in the mellow afterlight.	true	1351.13	1355.89	15
103_1241_000070_000003	To the west a dark church spire rose up against a marigold sky.	To the west a dark church spire rose up against a marigold sky.	true	1356.11	1359.85	19
103_1241_000070_000004	Below was a little valley and beyond a long, gently-rising slope with snug farmsteads scattered along it.	Below was a little valley and beyond a long, gently rising slope with snug farmsteads scattered along it.	true	1360.04	1366.57	16.829525
103_1241_000070_000005	From one to another the child's eyes darted, eager and wistful.	From one to another the child's eyes darted, eager and wistful.	true	1366.94	1370.59	16
103_1241_000070_000006	At last they lingered on one away to the left, far back from the road, dimly white with blossoming trees in the twilight of the surrounding woods.	At last they lingered on one away to the left, far back from the road, dimly white with blossoming trees in the twilight of the surrounding woods.	true	1370.69	1378.51	16
103_1241_000070_000007	Over it, in the stainless southwest sky, a great crystal-white star was shining like a lamp of guidance and promise.	Over it, in the stainless southwest sky, a great crystal white star was shining like a lamp of guidance and promise.	true	1378.73	1386.07	16
103_1241_000071_000000	"That's it, isn't it?" she said, pointing.	"That's it, isn't it?" she said, pointing.	true	1387.34	1390	21.471941
103_1241_000072_000000	Matthew slapped the reins on the sorrel's back delightedly.	matthew slapped the reins on the sorrel's back delightedly.	true	1390.16	1393.12	18
103_1241_000073_000000	"Well now, you've guessed it!	"Well now, you've guessed it!	true	1393.34	1395.4	16.494772
103_1241_000073_000001	But I reckon Mrs. Spencer described it so's you could tell."	But I reckon mrs Spencer described it so's you could tell."	true	1395.71	1398.91	20.420187
103_1241_000074_000000	"No, she didn't--really she didn't.	"No, she didn't-really she didn't.	true	1399.1	1401.24	21.626932
103_1241_000074_000001	All she said might just as well have been about most of those other places.	All she said might just as well have been about most of those other places.	true	1401.24	1405.33	22.300243
103_1241_000074_000002	I hadn't any real idea what it looked like.	I hadn't any real idea what it looked like.	true	1405.43	1407.81	20.893265
103_1241_000074_000003	But just as soon as I saw it I felt it was home.	But just as soon as I saw it I felt it was home.	false	1407.81	1410.64	16
103_1241_000074_000004	Oh, it seems as if I must be in a dream.	Oh, it seems as if I must be in a dream.	true	1410.83	1413.4	19
103_1241_000074_000005	Do you know, my arm must be black and blue from the elbow up, for I've pinched myself so many times today. Every little while a horrible sickening feeling would come over me and I'd be so afraid it was all a dream.	Do you know, my arm must be black and blue from the elbow up, for I've pinched myself so many times today. Every little while a horrible sickening feeling would come over me and I'd be so afraid it was all a dream.	false	1413.59	1424.06	16
103_1241_000074_000006	Then I'd pinch myself to see if it was real--until suddenly I remembered that even supposing it was only a dream I'd better go on dreaming as long as I could; so I stopped pinching.	Then I'd pinch myself to see if it was real-until suddenly I remembered that even supposing it was only a dream I'd better go on dreaming as long as I could; so I stopped pinching.	true	1424.06	1432.36	17
103_1241_000074_000007	But it IS real and we're nearly home."	But it IS real and we're nearly home."	true	1432.52	1435.18	18.800713
103_1241_000075_000000	With a sigh of rapture she relapsed into silence.	With a sigh of rapture she relapsed into silence.	true	1435.58	1438.33	16
103_1241_000075_000001	Matthew stirred uneasily.	matthew stirred uneasily.	true	1438.61	1440.31	17
103_1241_000075_000002	He felt glad that it would be Marilla and not he who would have to tell this waif of the world that the home she longed for was not to be hers after all.	He felt glad that it would be Marilla and not he who would have to tell this waif of the world that the home she longed for was not to be hers after all.	true	1440.53	1448.44	18
103_1241_000075_000003	They drove over Lynde's Hollow, where it was already quite dark, but not so dark that Mrs. Rachel could not see them from her window vantage, and up the hill and into the long lane of Green Gables.	They drove over Lynde's Hollow, where it was already quite dark, but not so dark that mrs Rachel could not see them from her window vantage, and up the hill and into the long lane of Green Gables.	true	1448.99	1460.26	18.940664
103_1241_000075_000004	By the time they arrived at the house Matthew was shrinking from the approaching revelation with an energy he did not understand.	By the time they arrived at the house matthew was shrinking from the approaching revelation with an energy he did not understand.	true	1460.54	1466.98	16
103_1241_000075_000005	It was not of Marilla or himself he was thinking of the trouble this mistake was probably going to make for them, but of the child's disappointment. When he thought of that rapt light being quenched in her eyes he had an uncomfortable feeling that he was going to assist at murdering something--much the same feeling that came over him when he had to kill a lamb or calf or any other innocent little creature.	It was not of Marilla or himself he was thinking of the trouble this mistake was probably going to make for them, but of the child's disappointment. When he thought of that rapt light being quenched in her eyes he had an uncomfortable feeling that he was going to assist at murdering something-much the same feeling that came over him when he had to kill a lamb or calf or any other innocent little creature.	true	1467.26	1488.34	17
103_1241_000076_000000	The yard was quite dark as they turned into it and the poplar leaves were rustling silkily all round it.	The yard was quite dark as they turned into it and the poplar leaves were rustling silkily all round it.	false	1488.92	1494.04	20
103_1241_000077_000000	"Listen to the trees talking in their sleep," she whispered, as he lifted her to the ground.	"Listen to the trees talking in their sleep," she whispered, as he lifted her to the ground.	true	1494.62	1498.74	13
103_1241_000077_000001	"What nice dreams they must have!"	"What nice dreams they must have!"	false	1498.74	1501.12	14
103_1241_000078_000000	Then, holding tightly to the carpet-bag which contained "all her worldly goods," she followed him into the house.	Then, holding tightly to the carpet bag which contained "all her worldly goods," she followed him into the house.	false	1501.58	1509.78	17.048023
103_1241_000079_000000	CHAPTER III.	CHAPTER three.	false	1509.78	1510.2	14
103_1241_000079_000001	Marilla Cuthbert is Surprised	Marilla Cuthbert is Surprised	false	1510.2	1510.68	18.461111
